email,postalCode,password,first_name,last_name,nick_name
user1@gmail.com,00212,password1,first_name1,last_name1,nick_name1
user2@gmail.com,00670,password2,first_name2,last_name2,nick_name2
user3@gmail.com,00911,password3,first_name3,last_name3,nick_name3
user4@gmail.com,01106,password4,first_name4,last_name4,nick_name4
user5@gmail.com,01201,password5,first_name5,last_name5,nick_name5
user6@gmail.com,01262,password6,first_name6,last_name6,nick_name6
user7@gmail.com,01568,password7,first_name7,last_name7,nick_name7
user8@gmail.com,01852,password8,first_name8,last_name8,nick_name8
user9@gmail.com,02065,password9,first_name9,last_name9,nick_name9
user10@gmail.com,02239,password10,first_name10,last_name10,nick_name10
user11@gmail.com,02635,password11,first_name11,last_name11,nick_name11
user12@gmail.com,02825,password12,first_name12,last_name12,nick_name12
user13@gmail.com,03036,password13,first_name13,last_name13,nick_name13
user14@gmail.com,03252,password14,first_name14,last_name14,nick_name14
user15@gmail.com,03585,password15,first_name15,last_name15,nick_name15
user16@gmail.com,03811,password16,first_name16,last_name16,nick_name16
user17@gmail.com,04038,password17,first_name17,last_name17,nick_name17
user18@gmail.com,04231,password18,first_name18,last_name18,nick_name18
user19@gmail.com,04421,password19,first_name19,last_name19,nick_name19
user20@gmail.com,04654,password20,first_name20,last_name20,nick_name20
user21@gmail.com,05035,password21,first_name21,last_name21,nick_name21
user22@gmail.com,05601,password22,first_name22,last_name22,nick_name22
user23@gmail.com,05858,password23,first_name23,last_name23,nick_name23
user24@gmail.com,06246,password24,first_name24,last_name24,nick_name24
user25@gmail.com,06501,password25,first_name25,last_name25,nick_name25
user26@gmail.com,00212,password26,first_name26,last_name26,nick_name26
user27@gmail.com,00670,password27,first_name27,last_name27,nick_name27
user28@gmail.com,00911,password28,first_name28,last_name28,nick_name28
user29@gmail.com,01106,password29,first_name29,last_name29,nick_name29
user30@gmail.com,01201,password30,first_name30,last_name30,nick_name30
user31@gmail.com,01262,password31,first_name31,last_name31,nick_name31
user32@gmail.com,01568,password32,first_name32,last_name32,nick_name32
user33@gmail.com,01852,password33,first_name33,last_name33,nick_name33
user34@gmail.com,02065,password34,first_name34,last_name34,nick_name34
user35@gmail.com,02239,password35,first_name35,last_name35,nick_name35
user36@gmail.com,02635,password36,first_name36,last_name36,nick_name36
user37@gmail.com,02825,password37,first_name37,last_name37,nick_name37
user38@gmail.com,03036,password38,first_name38,last_name38,nick_name38
user39@gmail.com,03252,password39,first_name39,last_name39,nick_name39
user40@gmail.com,03585,password40,first_name40,last_name40,nick_name40
user41@gmail.com,03811,password41,first_name41,last_name41,nick_name41
user42@gmail.com,04038,password42,first_name42,last_name42,nick_name42
user43@gmail.com,04231,password43,first_name43,last_name43,nick_name43
user44@gmail.com,04421,password44,first_name44,last_name44,nick_name44
user45@gmail.com,04654,password45,first_name45,last_name45,nick_name45
user46@gmail.com,05035,password46,first_name46,last_name46,nick_name46
user47@gmail.com,05601,password47,first_name47,last_name47,nick_name47
user48@gmail.com,00212,password48,first_name48,last_name48,nick_name48
user49@gmail.com,00670,password49,first_name49,last_name49,nick_name49
user50@gmail.com,00911,password50,first_name50,last_name50,nick_name50